-- Inserir dados aleatórios/dummy nas tabelas criadas.
-- a. Palavras-chave: INSERT INTO
-- b. Se quiser utilizar uma ferramenta para facilitar esta tarefa: https://www.generatedata.com/

-- ESTADOS
insert into estados (codigo, nome) 
values
    (1, 'Bahia'),
    (2, 'Ceará'),
    (3, 'Goiás'),
    (4, 'Minas Gerais'),
    (5, 'Paraná'),
    (6, 'Rio de Janeiro'),
    (7, 'São Paulo');

-- CIDADES
insert into cidades (codigo, nome, codigoestado)
values
    (1, 'Salvador', 1),
    (2, 'Fortaleza', 2),
    (3, 'Goiânia', 3),
    (4, 'Belo Horizonte', 4),
    (5, 'Curitiba', 5),
    (6, 'Londrina', 5),
    (7, 'Rio de Janeiro', 6),
    (8, 'Niterói', 6),
    (9, 'Nova Iguaçu', 6),
    (10, 'São Paulo', 7),
    (11, 'São Bernardo do Campo', 7),
    (12, 'Santo André', 7);

-- OPERADORES
insert into operadores (codigo, nome, codigocidade)
values
    (1,'Wade Haynes', 1),
    (2,'Shad Pierce', 1),
    (3,'Alan Whitaker', 2),
    (4,'Mira Brady', 2),
    (5,'Rylee Gillespie', 3),
    (6,'Morgan Roach', 3),
    (7,'Joan Sweet', 4),
    (8,'Miriam Bowen', 4),
    (9,'Jayme Underwood', 5),
    (10,'Janna Martinez', 5),
    (11,'Zachery Marsh', 6),
    (12,'Alexander Watkins', 6),
    (13,'Abigail Velasquez', 6),
    (14,'Timon Bowers', 7),
    (15,'Shelby Park', 7),
    (16,'Kane Carr', 8),
    (17,'Cyrus Terrell', 8),
    (18,'May Ewing', 9),
    (19,'Charissa Conley', 10),
    (20,'Richard Adkins', 10),
    (21,'Justine Mcdonald', 10),
    (22,'Louis Briggs', 11),
    (23,'Jerry Morton', 11),
    (24,'Lee Mccarthy', 12);

-- LIGAÇÕES
insert into ligacoes (numerocliente, datahora, codigooperador)
values
    ('16790310530','2021-07-22 13:25:07',23),
    ('16710224573','2021-07-19 07:17:14',15),
    ('16120630503','2021-07-22 22:56:41',14),
    ('16491130438','2021-07-22 16:51:15',10),
    ('16910110913','2021-07-17 03:31:36',7),
    ('16561026311','2021-07-15 11:52:28',12),
    ('16900314989','2021-07-21 15:45:21',22),
    ('16900314989','2021-07-21 00:37:16',16),
    ('16391204031','2021-07-15 11:20:05',23),
    ('16360706129','2021-07-15 02:01:32',21),
    ('16900314989','2021-07-21 10:45:24',24),
    ('16491124279','2021-07-20 15:49:09',21),
    ('16990601044','2021-07-18 16:42:22',4),
    ('16910110913','2021-07-17 03:37:14',21),
    ('16790310530','2021-07-22 18:28:10',17),
    ('16431024034','2021-07-19 04:55:39',13),
    ('16900609295','2021-07-19 15:00:13',3),
    ('16390817679','2021-07-16 14:22:09',15),
    ('16890716409','2021-07-21 18:02:01',20),
    ('16811205848','2021-07-16 07:35:21',16),
    ('16131121501','2021-07-20 20:03:30',14),
    ('16910110913','2021-07-17 23:20:07',20),
    ('16481218527','2021-07-15 08:34:38',24),
    ('16090906035','2021-07-15 17:18:46',23),
    ('16811108008','2021-07-19 12:01:00',3),
    ('16830226152','2021-07-20 02:53:41',20),
    ('16720120535','2021-07-19 14:52:14',18),
    ('16880410814','2021-07-21 06:01:31',18),
    ('16360321089','2021-07-17 06:18:32',1),
    ('16190428229','2021-07-22 12:36:23',14),
    ('16820326952','2021-07-21 22:45:36',13),
    ('16141217009','2021-07-19 05:56:55',14),
    ('16210103446','2021-07-22 10:32:49',10),
    ('16030926362','2021-07-17 05:35:31',6),
    ('16071226908','2021-07-20 01:05:31',16),
    ('16970116647','2021-07-18 04:44:51',20),
    ('16030219377','2021-07-21 13:34:37',22),
    ('16830703148','2021-07-22 22:12:24',7),
    ('16151004894','2021-07-22 02:23:13',19),
    ('16150910704','2021-07-19 20:31:31',23),
    ('16890601926','2021-07-18 11:28:25',18),
    ('16860925327','2021-07-16 18:59:45',20),
    ('16880306331','2021-07-18 20:16:15',19),
    ('16141230582','2021-07-15 21:53:10',11),
    ('16360916729','2021-07-21 12:00:15',10),
    ('16920404788','2021-07-16 16:47:33',19),
    ('16250818169','2021-07-22 20:00:43',11),
    ('16010804937','2021-07-18 04:25:37',3),
    ('16270613313','2021-07-17 21:29:59',21),
    ('16440605988','2021-07-16 07:55:18',18),
    ('16570108198','2021-07-17 01:46:40',3),
    ('16420111941','2021-07-18 23:58:11',20),
    ('16550402690','2021-07-22 04:18:52',22),
    ('16350907661','2021-07-17 20:59:12',10),
    ('16271230334','2021-07-21 22:53:22',16),
    ('16210219097','2021-07-17 06:15:19',11),
    ('16180223240','2021-07-21 02:15:03',11),
    ('16301222898','2021-07-22 04:40:09',5),
    ('16930812174','2021-07-19 15:20:50',7),
    ('16651221260','2021-07-19 01:54:57',23),
    ('16701110783','2021-07-20 16:21:18',11),
    ('16270605661','2021-07-20 06:01:52',11),
    ('16830220587','2021-07-19 05:23:30',10),
    ('16660730733','2021-07-15 15:42:42',13),
    ('16111124424','2021-07-15 18:25:03',23),
    ('16010119371','2021-07-15 06:26:22',8),
    ('16720418460','2021-07-16 17:11:37',3),
    ('16920816405','2021-07-17 02:07:55',3),
    ('16660522223','2021-07-20 17:44:10',4),
    ('16080429611','2021-07-22 14:07:02',22),
    ('16500826991','2021-07-19 20:23:08',19),
    ('16241206552','2021-07-18 14:16:33',8),
    ('16790924560','2021-07-15 11:19:01',12),
    ('16200904978','2021-07-17 05:55:10',16),
    ('16500103218','2021-07-16 12:03:26',13),
    ('16030323590','2021-07-16 23:44:30',3),
    ('16641227170','2021-07-21 09:17:44',23),
    ('16381006520','2021-07-16 17:52:07',20),
    ('16210318467','2021-07-22 19:20:22',5),
    ('16520403016','2021-07-21 20:06:07',14),
    ('16380327419','2021-07-21 04:49:58',5),
    ('16800617674','2021-07-16 21:20:00',13),
    ('16030902503','2021-07-21 23:29:16',19),
    ('16870511493','2021-07-19 22:41:19',8),
    ('16031220289','2021-07-16 20:22:02',23),
    ('16300325013','2021-07-17 12:35:57',3),
    ('16090625771','2021-07-21 15:59:20',5),
    ('16080401226','2021-07-22 16:00:03',23),
    ('16960304452','2021-07-15 19:30:07',16),
    ('16940713546','2021-07-17 00:32:10',17),
    ('16570303602','2021-07-21 02:21:07',9),
    ('16431228237','2021-07-22 10:14:10',2),
    ('16261220277','2021-07-16 08:16:04',4),
    ('16610510796','2021-07-21 06:09:52',6),
    ('16060413333','2021-07-17 10:57:46',21),
    ('16141230774','2021-07-17 00:31:58',14),
    ('16400503084','2021-07-21 09:33:07',20),
    ('16500721007','2021-07-15 05:32:49',18),
    ('16231008058','2021-07-18 07:49:22',12),
    ('16050309631','2021-07-20 02:57:09',15);
